acc_x,acc_y,acc_z,gyro_x,gyro_y,gyro_z
4095,4095,13475,-1498,-28,16772
4095,4095,13475,-1498,-28,16772
4095,4095,13476,-1444,12,16666
4095,4095,13476,-1444,12,16666
4095,4095,13477,-1480,-20,16752
4095,4095,13477,-1480,-20,16752
4095,4095,13478,-1466,-32,16702
4095,4095,13478,-1466,-32,16702
4095,4095,13479,-1488,-44,16664
4095,4095,13479,-1488,-44,16664
4095,4095,13480,-1482,-14,16730
4095,4095,13480,-1482,-14,16730
4095,4095,13481,-1512,-22,16788
4095,4095,13481,-1512,-22,16788
4095,4095,13482,-1452,-28,16696
4095,4095,13482,-1452,-28,16696
4095,4095,13483,-1444,-22,16720
4095,4095,13483,-1444,-22,16720
4095,4095,13484,-1466,0,16688
4095,4095,13484,-1466,0,16688
4095,4095,13485,-1470,-56,16680
4095,4095,13485,-1470,-56,16680
4095,4095,13486,-1474,-14,16722
4095,4095,13486,-1474,-14,16722
4095,4095,13487,-1520,6,16756
4095,4095,13487,-1520,6,16756
4095,4095,13488,-1456,-36,16680
4095,4095,13488,-1456,-36,16680
4095,4095,13489,-1434,-22,16654
4095,4095,13489,-1434,-22,16654
4095,4095,13490,-1448,-30,16732
4095,4095,13490,-1448,-30,16732
4095,4095,13491,-1472,-70,16684
4095,4095,13491,-1472,-70,16684
4095,4095,13492,-1492,-8,16808
4095,4095,13492,-1492,-8,16808
4095,4095,13493,-1504,-18,16700
4095,4095,13493,-1504,-18,16700
4095,4095,13494,-1472,-38,16608
4095,4095,13494,-1472,-38,16608
4095,4095,13495,-1494,0,16728
4095,4095,13495,-1494,0,16728
4095,4095,13496,-1418,-54,16716
4095,4095,13496,-1418,-54,16716
4095,4095,13497,-1434,-12,16654
4095,4095,13497,-1434,-12,16654
4095,4095,13498,-1486,-30,16704
4095,4095,13498,-1486,-30,16704
4095,4095,13499,-1510,24,16752
4095,4095,13499,-1510,24,16752
4095,4095,13500,-1500,6,16608
4095,4095,13500,-1500,6,16608
4095,4095,13501,-1462,-32,16760
4095,4095,13501,-1462,-32,16760
4095,4095,13502,-1472,-8,16756
4095,4095,13502,-1472,-8,16756
4095,4095,13503,-1434,-28,16604
4095,4095,13503,-1434,-28,16604
4095,4095,13504,-1444,-28,16688
4095,4095,13504,-1444,-28,16688
4095,4095,13505,-1448,-42,16694
4095,4095,13505,-1448,-42,16694
4095,4095,13506,-1514,-12,16694
4095,4095,13506,-1514,-12,16694
4095,4095,13507,-1488,6,16722
4095,4095,13507,-1488,6,16722
4095,4095,13508,-1498,-8,16794
4095,4095,13508,-1498,-8,16794
4095,4095,13509,-1456,6,16688
4095,4095,13509,-1456,6,16688
4095,4095,13510,-1444,-24,16646
4095,4095,13510,-1444,-24,16646
4095,4095,13511,-1452,-58,16732
4095,4095,13511,-1452,-58,16732
4095,4095,13512,-1462,-52,16588
4095,4095,13512,-1462,-52,16588
4095,4095,13513,-1486,-32,16664
4095,4095,13513,-1486,-32,16664
4095,4095,13514,-1504,-32,16712
4095,4095,13514,-1504,-32,16712
4095,4095,13515,-1472,-32,16694
4095,4095,13515,-1472,-32,16694
4095,4095,13516,-1472,-20,16724
4095,4095,13516,-1472,-20,16724
4095,4095,13517,-1426,12,16808
4095,4095,13517,-1426,12,16808
4095,4095,13518,-1470,-38,16726
4095,4095,13518,-1470,-38,16726
4095,4095,13519,-1510,-20,16718
4095,4095,13519,-1510,-20,16718
4095,4095,13520,-1492,0,16744
4095,4095,13520,-1492,0,16744
4095,4095,13521,-1422,10,16644
4095,4095,13521,-1422,10,16644
4095,4095,13522,-1446,6,16684
4095,4095,13522,-1446,6,16684
4095,4095,13523,-1448,-40,16756
4095,4095,13523,-1448,-40,16756
4095,4095,13524,-1458,-32,16718
4095,4095,13524,-1458,-32,16718
4095,4095,13525,-1498,-6,16766
4095,4095,13525,-1498,-6,16766
4095,4095,13526,-1494,-50,16802
4095,4095,13526,-1494,-50,16802
4095,4095,13527,-1460,-38,16670
4095,4095,13527,-1460,-38,16670
4095,4095,13528,-1450,-14,16744
4095,4095,13528,-1450,-14,16744
4095,4095,13529,-1396,-12,16708
4095,4095,13529,-1396,-12,16708
4095,4095,13530,-1472,-14,16632
4095,4095,13530,-1472,-14,16632
4095,4095,13531,-1510,-8,16696
4095,4095,13531,-1510,-8,16696
4095,4095,13532,-1500,-44,16710
4095,4095,13532,-1500,-44,16710
4095,4095,13533,-1478,-38,16688
4095,4095,13533,-1478,-38,16688
4095,4095,13534,-1440,-18,16760
4095,4095,13534,-1440,-18,16760
4095,4095,13535,-1480,-42,16766
4095,4095,13535,-1480,-42,16766
4095,4095,13536,-1440,-32,16648
4095,4095,13536,-1440,-32,16648
4095,4095,13537,-1478,-4,16712
4095,4095,13537,-1478,-4,16712
4095,4095,13538,-1504,-30,16676
4095,4095,13538,-1504,-30,16676
4095,4095,13539,-1444,-20,16648
4095,4095,13539,-1444,-20,16648
4095,4095,13540,-1452,-68,16698
4095,4095,13540,-1452,-68,16698
4095,4095,13541,-1474,8,16742
4095,4095,13541,-1474,8,16742
4095,4095,13542,-1448,-24,16710
4095,4095,13542,-1448,-24,16710
4095,4095,13543,-1488,8,16726
4095,4095,13543,-1488,8,16726
4095,4095,13544,-1494,-6,16762
4095,4095,13544,-1494,-6,16762
4095,4095,13545,-1422,8,16650
4095,4095,13545,-1422,8,16650
4095,4095,13546,-1478,0,16730
4095,4095,13546,-1478,0,16730
4095,4095,13547,-1478,-74,16664
4095,4095,13547,-1478,-74,16664
4095,4095,13548,-1492,-20,16620
4095,4095,13548,-1492,-20,16620
4095,4095,13549,-1462,-34,16696
4095,4095,13549,-1462,-34,16696
4095,4095,13550,-1440,-20,16764
4095,4095,13550,-1440,-20,16764
4095,4095,13551,-1468,12,16702
4095,4095,13551,-1468,12,16702
4095,4095,13552,-1490,-18,16766
4095,4095,13552,-1490,-18,16766
4095,4095,13553,-1456,-36,16718
4095,4095,13553,-1456,-36,16718
4095,4095,13554,-1474,-12,16634
4095,4095,13554,-1474,-12,16634
4095,4095,13555,-1494,-6,16754
4095,4095,13555,-1494,-6,16754
4095,4095,13556,-1466,-42,16704
4095,4095,13556,-1466,-42,16704
4095,4095,13557,-1476,-42,16636
4095,4095,13557,-1476,-42,16636
4095,4095,13558,-1538,6,16656
4095,4095,13558,-1538,6,16656
4095,4095,13559,-1478,-28,16704
4095,4095,13559,-1478,-28,16704
4095,4095,13560,-1434,-38,16688
4095,4095,13560,-1434,-38,16688
4095,4095,13561,-1466,-12,16720
4095,4095,13561,-1466,-12,16720
4095,4095,13562,-1504,-38,16722
4095,4095,13562,-1504,-38,16722
4095,4095,13563,-1474,32,16640
4095,4095,13563,-1474,32,16640
4095,4095,13564,-1508,-6,16712
4095,4095,13564,-1508,-6,16712
4095,4095,13565,-1510,-38,16798
4095,4095,13565,-1510,-38,16798
4095,4095,13566,-1436,12,16622
4095,4095,13566,-1436,12,16622
4095,4095,13567,-1462,-4,16682
4095,4095,13567,-1462,-4,16682
4095,4095,13568,-1412,-38,16732
4095,4095,13568,-1412,-38,16732
4095,4095,13569,-1450,-30,16768
4095,4095,13569,-1450,-30,16768
4095,4095,13570,-1488,-24,16704
4095,4095,13570,-1488,-24,16704
4095,4095,13571,-1494,-8,16818
4095,4095,13571,-1494,-8,16818
4095,4095,13572,-1440,-4,16710
4095,4095,13572,-1440,-4,16710
4095,4095,13573,-1430,-54,16722
4095,4095,13573,-1430,-54,16722
4095,4095,13574,-1488,-14,16884
4095,4095,13574,-1488,-14,16884
4095,4095,13575,-1470,2,16886
4095,4095,13575,-1470,2,16886
4095,4095,13576,-1444,-42,16380
4095,4095,13576,-1444,-42,16380
4095,4095,13577,-1456,-18,16558
4095,4095,13577,-1456,-18,16558
4095,4095,13578,-1488,-46,16634
4095,4095,13578,-1488,-46,16634
4095,4095,13579,-1460,-4,16702
4095,4095,13579,-1460,-4,16702
4095,4095,13580,-1474,-32,16710
4095,4095,13580,-1474,-32,16710
4095,4095,13581,-1460,6,16694
4095,4095,13581,-1460,6,16694
4095,4095,13582,-1472,-18,16760
4095,4095,13582,-1472,-18,16760
4095,4095,13583,-1478,-50,16812
4095,4095,13583,-1478,-50,16812
4095,4095,13584,-1444,16,16628
4095,4095,13584,-1444,16,16628
4095,4095,13585,-1488,20,16728
4095,4095,13585,-1488,20,16728
4095,4095,13586,-1462,-50,16712
4095,4095,13586,-1462,-50,16712
4095,4095,13587,-1452,-14,16692
4095,4095,13587,-1452,-14,16692
4095,4095,13588,-1424,2,16802
4095,4095,13588,-1424,2,16802
4095,4095,13589,-1472,-20,16826
4095,4095,13589,-1472,-20,16826
4095,4095,13590,-1428,-58,16680
4095,4095,13590,-1428,-58,16680
4095,4095,13591,-1492,-14,16648
4095,4095,13591,-1492,-14,16648
4095,4095,13592,-1462,-18,16580
4095,4095,13592,-1462,-18,16580
4095,4095,13593,-1488,-2,16616
4095,4095,13593,-1488,-2,16616
4095,4095,13594,-1514,-48,16558
4095,4095,13594,-1514,-48,16558
4095,4095,13595,-1486,24,16762
4095,4095,13595,-1486,24,16762
4095,4095,13596,-1468,50,16558
4095,4095,13596,-1468,50,16558
4095,4095,13597,-1428,-58,16532
4095,4095,13597,-1428,-58,16532
4095,4095,13598,-1510,18,16668
4095,4095,13598,-1510,18,16668
4095,4095,13599,-1494,-44,16754
4095,4095,13599,-1494,-44,16754
4095,4095,13600,-1456,-28,16810
4095,4095,13600,-1456,-28,16810
4095,4095,13601,-1462,4,16744
4095,4095,13601,-1462,4,16744
4095,4095,13602,-1488,6,16696
4095,4095,13602,-1488,6,16696
4095,4095,13603,-1478,-8,16774
4095,4095,13603,-1478,-8,16774
4095,4095,13604,-1510,-44,16780
4095,4095,13604,-1510,-44,16780
4095,4095,13605,-1480,42,16606
4095,4095,13605,-1480,42,16606
4095,4095,13606,-1502,-8,16758
4095,4095,13606,-1502,-8,16758
4095,4095,13607,-1490,-20,16798
4095,4095,13607,-1490,-20,16798
4095,4095,13608,-1474,-22,16716
4095,4095,13608,-1474,-22,16716
4095,4095,13609,-1462,-12,16694
4095,4095,13609,-1462,-12,16694
4095,4095,13610,-1500,-44,16736
4095,4095,13610,-1500,-44,16736
4095,4095,13611,-1450,-44,16704
4095,4095,13611,-1450,-44,16704
4095,4095,13612,-1486,-38,16700
4095,4095,13612,-1486,-38,16700
4095,4095,13613,-1448,-20,16766
4095,4095,13613,-1448,-20,16766
4095,4095,13614,-1446,-8,16726
4095,4095,13614,-1446,-8,16726
4095,4095,13615,-1470,-38,16680
4095,4095,13615,-1470,-38,16680
4095,4095,13616,-1466,0,16794
4095,4095,13616,-1466,0,16794
4095,4095,13617,-1484,-14,16752
4095,4095,13617,-1484,-14,16752
4095,4095,13618,-1510,24,16700
4095,4095,13618,-1510,24,16700
4095,4095,13619,-1480,-24,16712
4095,4095,13619,-1480,-24,16712
4095,4095,13620,-1476,-28,16700
4095,4095,13620,-1476,-28,16700
4095,4095,13621,-1456,-18,16742
4095,4095,13621,-1456,-18,16742
4095,4095,13622,-1468,-10,16780
4095,4095,13622,-1468,-10,16780
4095,4095,13623,-1452,12,16720
4095,4095,13623,-1452,12,16720
4095,4095,13624,-1518,-42,16744
4095,4095,13624,-1518,-42,16744
4095,4095,13625,-1462,-14,16868
4095,4095,13625,-1462,-14,16868
4095,4095,13626,-1434,0,16682
4095,4095,13626,-1434,0,16682
4095,4095,13627,-1498,12,16760
4095,4095,13627,-1498,12,16760
4095,4095,13628,-1430,-24,16754
4095,4095,13628,-1430,-24,16754
4095,4095,13629,-1448,-6,16614
4095,4095,13629,-1448,-6,16614
4095,4095,13630,-1450,-30,16712
4095,4095,13630,-1450,-30,16712
4095,4095,13631,-1480,-12,16784
4095,4095,13631,-1480,-12,16784
4095,4095,13632,-1500,6,16690
4095,4095,13632,-1500,6,16690
4095,4095,13633,-1522,2,16752
4095,4095,13633,-1522,2,16752
4095,4095,13634,-1468,-28,16752
4095,4095,13634,-1468,-28,16752
4095,4095,13635,-1448,-62,16676
4095,4095,13635,-1448,-62,16676
4095,4095,13636,-1488,40,16690
4095,4095,13636,-1488,40,16690
4095,4095,13637,-1494,24,16712
4095,4095,13637,-1494,24,16712
4095,4095,13638,-1526,-62,16688
4095,4095,13638,-1526,-62,16688
4095,4095,13639,-1472,2,16802
4095,4095,13639,-1472,2,16802
4095,4095,13640,-1456,-34,16768
4095,4095,13640,-1456,-34,16768
4095,4095,13641,-1468,-20,16720
4095,4095,13641,-1468,-20,16720
4095,4095,13642,-1472,-24,16726
4095,4095,13642,-1472,-24,16726
4095,4095,13643,-1488,-20,16778
4095,4095,13643,-1488,-20,16778
4095,4095,13644,-1484,34,16678
4095,4095,13644,-1484,34,16678
4095,4095,13645,-1490,-34,16702
4095,4095,13645,-1490,-34,16702
4095,4095,13646,-1440,-4,16764
4095,4095,13646,-1440,-4,16764
4095,4095,13647,-1438,-30,16666
4095,4095,13647,-1438,-30,16666
4095,4095,13648,-1478,-4,16676
4095,4095,13648,-1478,-4,16676
4095,4095,13649,-1448,-8,16746
4095,4095,13649,-1448,-8,16746
4095,4095,13650,-1424,-6,16628
4095,4095,13650,-1424,-6,16628
4095,4095,13651,-1460,-6,16704
4095,4095,13651,-1460,-6,16704
4095,4095,13652,-1462,-8,16820
4095,4095,13652,-1462,-8,16820
4095,4095,13653,-1444,-4,16810
4095,4095,13653,-1444,-4,16810
4095,4095,13654,-1490,-20,16812
4095,4095,13654,-1490,-20,16812
4095,4095,13655,-1502,-50,16788
4095,4095,13655,-1502,-50,16788
4095,4095,13656,-1500,-28,16702
4095,4095,13656,-1500,-28,16702
4095,4095,13657,-1472,-34,16700
4095,4095,13657,-1472,-34,16700
4095,4095,13658,-1466,-8,16720
4095,4095,13658,-1466,-8,16720
4095,4095,13659,-1466,-30,16688
4095,4095,13659,-1466,-30,16688
4095,4095,13660,-1478,42,16770
4095,4095,13660,-1478,42,16770
4095,4095,13661,-1448,-6,16776
4095,4095,13661,-1448,-6,16776
4095,4095,13662,-1504,-6,16696
4095,4095,13662,-1504,-6,16696
4095,4095,13663,-1488,-14,16714
4095,4095,13663,-1488,-14,16714
4095,4095,13664,-1468,-30,16740
4095,4095,13664,-1468,-30,16740
4095,4095,13665,-1478,-30,16660
4095,4095,13665,-1478,-30,16660
4095,4095,13666,-1456,12,16736
4095,4095,13666,-1456,12,16736
4095,4095,13667,-1438,-38,16742
4095,4095,13667,-1438,-38,16742
4095,4095,13668,-1492,-44,16690
4095,4095,13668,-1492,-44,16690
4095,4095,13669,-1476,8,16736
4095,4095,13669,-1476,8,16736
4095,4095,13670,-1476,-44,16748
4095,4095,13670,-1476,-44,16748
4095,4095,13671,-1478,-60,16698
4095,4095,13671,-1478,-60,16698
4095,4095,13672,-1484,-66,16724
4095,4095,13672,-1484,-66,16724
4095,4095,13673,-1488,-52,16726
4095,4095,13673,-1488,-52,16726
4095,4095,13674,-1478,-18,16666
4095,4095,13674,-1478,-18,16666
4095,4095,13675,-1444,-14,16696
4095,4095,13675,-1444,-14,16696
4095,4095,13676,-1472,-14,16780
4095,4095,13676,-1472,-14,16780
4095,4095,13677,-1418,0,16702
4095,4095,13677,-1418,0,16702
4095,4095,13678,-1478,-36,16718
4095,4095,13678,-1478,-36,16718
4095,4095,13679,-1438,-36,16810
4095,4095,13679,-1438,-36,16810
4095,4095,13680,-1446,-10,16746
4095,4095,13680,-1446,-10,16746
4095,4095,13681,-1480,-8,16910
4095,4095,13681,-1480,-8,16910
4095,4095,13682,-1500,-56,16874
4095,4095,13682,-1500,-56,16874
4095,4095,13683,-1478,-20,16692
4095,4095,13683,-1478,-20,16692
4095,4095,13684,-1488,-28,16690
4095,4095,13684,-1488,-28,16690
4095,4095,13685,-1458,-54,16728
4095,4095,13685,-1458,-54,16728
4095,4095,13686,-1472,-72,16660
4095,4095,13686,-1472,-72,16660
4095,4095,13687,-1466,-38,16762
4095,4095,13687,-1466,-38,16762
4095,4095,13688,-1438,-32,16794
4095,4095,13688,-1438,-32,16794
4095,4095,13689,-1476,-6,16654
4095,4095,13689,-1476,-6,16654
4095,4095,13690,-1466,-22,16678
4095,4095,13690,-1466,-22,16678
4095,4095,13691,-1446,-44,16726
4095,4095,13691,-1446,-44,16726
4095,4095,13692,-1488,-28,16646
4095,4095,13692,-1488,-28,16646
4095,4095,13693,-1472,-34,16722
4095,4095,13693,-1472,-34,16722
4095,4095,13694,-1468,-26,16788
4095,4095,13694,-1468,-26,16788
4095,4095,13695,-1472,-4,16718
4095,4095,13695,-1472,-4,16718
4095,4095,13696,-1490,-12,16700
4095,4095,13696,-1490,-12,16700
4095,4095,13697,-1478,-4,16774
4095,4095,13697,-1478,-4,16774
4095,4095,13698,-1478,-24,16610
4095,4095,13698,-1478,-24,16610
4095,4095,13699,-1444,-12,16684
4095,4095,13699,-1444,-12,16684
4095,4095,13700,-1446,-14,16752
4095,4095,13700,-1446,-14,16752
4095,4095,13701,-1448,-4,16628
4095,4095,13701,-1448,-4,16628
4095,4095,13702,-1466,-12,16718
4095,4095,13702,-1466,-12,16718
4095,4095,13703,-1488,-38,16702
4095,4095,13703,-1488,-38,16702
4095,4095,13704,-1430,-16,16648
4095,4095,13704,-1430,-16,16648
4095,4095,13705,-1466,-12,16768
4095,4095,13705,-1466,-12,16768
4095,4095,13706,-1484,-10,16764
4095,4095,13706,-1484,-10,16764
4095,4095,13707,-1494,-32,16680
4095,4095,13707,-1494,-32,16680
4095,4095,13708,-1478,-4,16732
4095,4095,13708,-1478,-4,16732
4095,4095,13709,-1500,20,16768
4095,4095,13709,-1500,20,16768
4095,4095,13710,-1468,16,16672
4095,4095,13710,-1468,16,16672
4095,4095,13711,-1452,-42,16688
4095,4095,13711,-1452,-42,16688
4095,4095,13712,-1470,-12,16648
4095,4095,13712,-1470,-12,16648
4095,4095,13713,-1500,-40,16716
4095,4095,13713,-1500,-40,16716
4095,4095,13714,-1498,-28,16766
4095,4095,13714,-1498,-28,16766
4095,4095,13715,-1448,-6,16732
4095,4095,13715,-1448,-6,16732
4095,4095,13716,-1494,-30,16676
4095,4095,13716,-1494,-30,16676
4095,4095,13717,-1468,-2,16714
4095,4095,13717,-1468,-2,16714
4095,4095,13718,-1478,-28,16758
4095,4095,13718,-1478,-28,16758
4095,4095,13719,-1468,-30,16698
4095,4095,13719,-1468,-30,16698
4095,4095,13720,-1452,-14,16684
4095,4095,13720,-1452,-14,16684
4095,4095,13721,-1474,-8,16766
4095,4095,13721,-1474,-8,16766
4095,4095,13722,-1448,-22,16606
4095,4095,13722,-1448,-22,16606
4095,4095,13723,-1448,-22,16710
4095,4095,13723,-1448,-22,16710
4095,4095,13724,-1494,-28,16784
4095,4095,13724,-1494,-28,16784
4095,4095,13725,-1494,-34,16698
4095,4095,13725,-1494,-34,16698
4095,4095,13726,-1494,-22,16702
4095,4095,13726,-1494,-22,16702
4095,4095,13727,-1446,-22,16774
4095,4095,13727,-1446,-22,16774
4095,4095,13728,-1418,-32,16614
4095,4095,13728,-1418,-32,16614
4095,4095,13729,-1476,6,16680
4095,4095,13729,-1476,6,16680
4095,4095,13730,-1494,12,16724
4095,4095,13730,-1494,12,16724
4095,4095,13731,-1476,-42,16684
4095,4095,13731,-1476,-42,16684
4095,4095,13732,-1484,-44,16734
4095,4095,13732,-1484,-44,16734
4095,4095,13733,-1492,16,16794
4095,4095,13733,-1492,16,16794
4095,4095,13734,-1490,-52,16706
4095,4095,13734,-1490,-52,16706
4095,4095,13735,-1462,-42,16656
4095,4095,13735,-1462,-42,16656
4095,4095,13736,-1456,-38,16748
4095,4095,13736,-1456,-38,16748
4095,4095,13737,-1434,0,16612
4095,4095,13737,-1434,0,16612
4095,4095,13738,-1506,-38,16736
4095,4095,13738,-1506,-38,16736
4095,4095,13739,-1484,-46,16734
4095,4095,13739,-1484,-46,16734
4095,4095,13740,-1478,-30,16702
4095,4095,13740,-1478,-30,16702
4095,4095,13741,-1460,-6,16786
4095,4095,13741,-1460,-6,16786
4095,4095,13742,-1508,-56,16738
4095,4095,13742,-1508,-56,16738
4095,4095,13743,-1448,-2,16704
4095,4095,13743,-1448,-2,16704
4095,4095,13744,-1478,-24,16742
4095,4095,13744,-1478,-24,16742
4095,4095,13745,-1472,-48,16786
4095,4095,13745,-1472,-48,16786
4095,4095,13746,-1468,-20,16640
4095,4095,13746,-1468,-20,16640
4095,4095,13747,-1436,-18,16630
4095,4095,13747,-1436,-18,16630
4095,4095,13748,-1488,-44,16754
4095,4095,13748,-1488,-44,16754
4095,4095,13749,-1444,-28,16616
4095,4095,13749,-1444,-28,16616
4095,4095,13750,-1466,12,16720
4095,4095,13750,-1466,12,16720
4095,4095,13751,-1486,-36,16734
4095,4095,13751,-1486,-36,16734
4095,4095,13752,-1456,-12,16698
4095,4095,13752,-1456,-12,16698
4095,4095,13753,-1424,36,16756
4095,4095,13753,-1424,36,16756
4095,4095,13754,-1474,-16,16706
4095,4095,13754,-1474,-16,16706
4095,4095,13755,-1438,-6,16676
4095,4095,13755,-1438,-6,16676
4095,4095,13756,-1424,8,16666
4095,4095,13756,-1424,8,16666
4095,4095,13757,-1474,-28,16782
4095,4095,13757,-1474,-28,16782
4095,4095,13758,-1446,-16,16648
4095,4095,13758,-1446,-16,16648
4095,4095,13759,-1452,-28,16702
4095,4095,13759,-1452,-28,16702
4095,4095,13760,-1456,-6,16736
4095,4095,13760,-1456,-6,16736
4095,4095,13761,-1452,-24,16664
4095,4095,13761,-1452,-24,16664
4095,4095,13762,-1446,-28,16736
4095,4095,13762,-1446,-28,16736
4095,4095,13763,-1510,-26,16744
4095,4095,13763,-1510,-26,16744
4095,4095,13764,-1492,16,16670
4095,4095,13764,-1492,16,16670
4095,4095,13765,-1458,4,16658
4095,4095,13765,-1458,4,16658
4095,4095,13766,-1478,-50,16740
4095,4095,13766,-1478,-50,16740
4095,4095,13767,-1424,0,16710
4095,4095,13767,-1424,0,16710
4095,4095,13768,-1456,-28,16724
4095,4095,13768,-1456,-28,16724
4095,4095,13769,-1492,-14,16762
4095,4095,13769,-1492,-14,16762
4095,4095,13770,-1466,-28,16636
4095,4095,13770,-1466,-28,16636
4095,4095,13771,-1506,-26,16726
4095,4095,13771,-1506,-26,16726
4095,4095,13772,-1498,0,16722
4095,4095,13772,-1498,0,16722
4095,4095,13773,-1438,-18,16646
4095,4095,13773,-1438,-18,16646
4095,4095,13774,-1448,-36,16632
4095,4095,13774,-1448,-36,16632
4095,4095,13775,-1488,-18,16762
4095,4095,13775,-1488,-18,16762
4095,4095,13776,-1456,-74,16684
4095,4095,13776,-1456,-74,16684
4095,4095,13777,-1484,-16,16702
4095,4095,13777,-1484,-16,16702
4095,4095,13778,-1502,-40,16788
4095,4095,13778,-1502,-40,16788
4095,4095,13779,-1466,-2,16696
4095,4095,13779,-1466,-2,16696
4095,4095,13780,-1438,-32,16730
4095,4095,13780,-1438,-32,16730
4095,4095,13781,-1468,-52,16702
4095,4095,13781,-1468,-52,16702
4095,4095,13782,-1452,-30,16654
4095,4095,13782,-1452,-30,16654
4095,4095,13783,-1500,-18,16726
4095,4095,13783,-1500,-18,16726
4095,4095,13784,-1460,-30,16798
4095,4095,13784,-1460,-30,16798
4095,4095,13785,-1478,-50,16708
4095,4095,13785,-1478,-50,16708
4095,4095,13786,-1440,20,16768
4095,4095,13786,-1440,20,16768
4095,4095,13787,-1452,-14,16804
4095,4095,13787,-1452,-14,16804
4095,4095,13788,-1480,-20,16716
4095,4095,13788,-1480,-20,16716
4095,4095,13789,-1446,-8,16714
4095,4095,13789,-1446,-8,16714
4095,4095,13790,-1462,-54,16750
4095,4095,13790,-1462,-54,16750
4095,4095,13791,-1498,-20,16650
4095,4095,13791,-1498,-20,16650
4095,4095,13792,-1480,-36,16712
4095,4095,13792,-1480,-36,16712
4095,4095,13793,-1462,-24,16768
4095,4095,13793,-1462,-24,16768
4095,4095,13794,-1444,-30,16726
4095,4095,13794,-1444,-30,16726
4095,4095,13795,-1450,-56,16720
4095,4095,13795,-1450,-56,16720
4095,4095,13796,-1462,18,16790
4095,4095,13796,-1462,18,16790
4095,4095,13797,-1474,-24,16670
4095,4095,13797,-1474,-24,16670
4095,4095,13798,-1498,-22,16630
4095,4095,13798,-1498,-22,16630
4095,4095,13799,-1478,-30,16726
4095,4095,13799,-1478,-30,16726
4095,4095,13800,-1486,-4,16664
4095,4095,13800,-1486,-4,16664
4095,4095,13801,-1526,16,16656
4095,4095,13801,-1526,16,16656
4095,4095,13802,-1476,-28,16810
4095,4095,13802,-1476,-28,16810
4095,4095,13803,-1468,-38,16730
4095,4095,13803,-1468,-38,16730
4095,4095,13804,-1500,2,16760
4095,4095,13804,-1500,2,16760
4095,4095,13805,-1526,16,16946
4095,4095,13805,-1526,16,16946
4095,4095,13806,-1466,-38,16780
4095,4095,13806,-1466,-38,16780
4095,4095,13807,-1460,8,16656
4095,4095,13807,-1460,8,16656
4095,4095,13808,-1502,-8,16730
4095,4095,13808,-1502,-8,16730
4095,4095,13809,-1506,4,16626
4095,4095,13809,-1506,4,16626
4095,4095,13810,-1456,8,16622
4095,4095,13810,-1456,8,16622
4095,4095,13811,-1452,-4,16794
4095,4095,13811,-1452,-4,16794
4095,4095,13812,-1436,-34,16720
4095,4095,13812,-1436,-34,16720
4095,4095,13813,-1456,-4,16678
4095,4095,13813,-1456,-4,16678
4095,4095,13814,-1484,-34,16796
4095,4095,13814,-1484,-34,16796
4095,4095,13815,-1466,6,16766
4095,4095,13815,-1466,6,16766
4095,4095,13816,-1476,-30,16700
4095,4095,13816,-1476,-30,16700
4095,4095,13817,-1518,-58,16806
4095,4095,13817,-1518,-58,16806
4095,4095,13818,-1462,-52,16566
4095,4095,13818,-1462,-52,16566
4095,4095,13819,-1446,-66,16606
4095,4095,13819,-1446,-66,16606
4095,4095,13820,-1452,-50,17004
4095,4095,13820,-1452,-50,17004
4095,4095,13821,-1506,4,16752
4095,4095,13821,-1506,4,16752
4095,4095,13822,-1446,28,16494
4095,4095,13822,-1446,28,16494
4095,4095,13823,-1526,-32,16934
4095,4095,13823,-1526,-32,16934
4095,4095,13824,-1430,-20,16668
4095,4095,13824,-1430,-20,16668
4095,4095,13825,-1456,-4,16750
4095,4095,13825,-1456,-4,16750
4095,4095,13826,-1446,-6,16552
4095,4095,13826,-1446,-6,16552
4095,4095,13827,-1498,44,16452
4095,4095,13827,-1498,44,16452
4095,4095,13828,-1484,-32,16682
4095,4095,13828,-1484,-32,16682
4095,4095,13829,-1472,-56,16890
4095,4095,13829,-1472,-56,16890
4095,4095,13830,-1478,-12,16576
4095,4095,13830,-1478,-12,16576
4095,4095,13831,-1434,-14,16740
4095,4095,13831,-1434,-14,16740
4095,4095,13832,-1492,-8,16768
4095,4095,13832,-1492,-8,16768
4095,4095,13833,-1438,6,16696
4095,4095,13833,-1438,6,16696
4095,4095,13834,-1422,6,16666
4095,4095,13834,-1422,6,16666
4095,4095,13835,-1472,-14,16746
4095,4095,13835,-1472,-14,16746
4095,4095,13836,-1460,-24,16690
4095,4095,13836,-1460,-24,16690
4095,4095,13837,-1462,-14,16690
4095,4095,13837,-1462,-14,16690
4095,4095,13838,-1482,-20,16756
4095,4095,13838,-1482,-20,16756
4095,4095,13839,-1488,-8,16730
4095,4095,13839,-1488,-8,16730
4095,4095,13840,-1488,-28,16674
4095,4095,13840,-1488,-28,16674
4095,4095,13841,-1448,-48,16818
4095,4095,13841,-1448,-48,16818
4095,4095,13842,-1456,-4,16658
4095,4095,13842,-1456,-4,16658
4095,4095,13843,-1490,-40,16640
4095,4095,13843,-1490,-40,16640
4095,4095,13844,-1480,-28,16758
4095,4095,13844,-1480,-28,16758
4095,4095,13845,-1470,-30,16582
4095,4095,13845,-1470,-30,16582
4095,4095,13846,-1424,-32,16704
4095,4095,13846,-1424,-32,16704
4095,4095,13847,-1472,-30,16774
4095,4095,13847,-1472,-30,16774
4095,4095,13848,-1480,20,16684
4095,4095,13848,-1480,20,16684
4095,4095,13849,-1412,-32,16700
4095,4095,13849,-1412,-32,16700
4095,4095,13850,-1460,-42,16756
4095,4095,13850,-1460,-42,16756
4095,4095,13851,-1508,-14,16672
4095,4095,13851,-1508,-14,16672
4095,4095,13852,-1472,-14,16640
4095,4095,13852,-1472,-14,16640
4095,4095,13853,-1446,-18,16782
4095,4095,13853,-1446,-18,16782
4095,4095,13854,-1468,-58,16664
4095,4095,13854,-1468,-58,16664
4095,4095,13855,-1462,-44,16690
4095,4095,13855,-1462,-44,16690
4095,4095,13856,-1498,-24,17168
4095,4095,13856,-1498,-24,17168
4095,4095,13857,-1516,-14,16578
4095,4095,13857,-1516,-14,16578
4095,4095,13858,-1474,0,16560
4095,4095,13858,-1474,0,16560
4095,4095,13859,-1414,-86,16788
4095,4095,13859,-1414,-86,16788
4095,4095,13860,-1480,-36,16678
4095,4095,13860,-1480,-36,16678
4095,4095,13861,-1452,-50,16696
4095,4095,13861,-1452,-50,16696
4095,4095,13862,-1500,20,16762
4095,4095,13862,-1500,20,16762
4095,4095,13863,-1488,-28,16690
4095,4095,13863,-1488,-28,16690
4095,4095,13864,-1466,-18,16492
4095,4095,13864,-1466,-18,16492
4095,4095,13865,-1498,-36,16802
4095,4095,13865,-1498,-36,16802
4095,4095,13866,-1466,-6,16794
4095,4095,13866,-1466,-6,16794
4095,4095,13867,-1472,-8,16634
4095,4095,13867,-1472,-8,16634
4095,4095,13868,-1474,-6,16754
4095,4095,13868,-1474,-6,16754
4095,4095,13869,-1428,16,16710
4095,4095,13869,-1428,16,16710
4095,4095,13870,-1448,2,16614
4095,4095,13870,-1448,2,16614
4095,4095,13871,-1446,-16,16828
4095,4095,13871,-1446,-16,16828
4095,4095,13872,-1520,-14,16694
4095,4095,13872,-1520,-14,16694
4095,4095,13873,-1488,-4,16662
4095,4095,13873,-1488,-4,16662
4095,4095,13874,-1488,-32,16762
4095,4095,13874,-1488,-32,16762
4095,4095,13875,-1456,-68,16714
4095,4095,13875,-1456,-68,16714
4095,4095,13876,-1460,-36,16638
4095,4095,13876,-1460,-36,16638
4095,4095,13877,-1478,26,16780
4095,4095,13877,-1478,26,16780
4095,4095,13878,-1458,12,16718
4095,4095,13878,-1458,12,16718
4095,4095,13879,-1472,-66,16658
4095,4095,13879,-1472,-66,16658
4095,4095,13880,-1474,-14,16766
4095,4095,13880,-1474,-14,16766
4095,4095,13881,-1456,-28,16746
4095,4095,13881,-1456,-28,16746
4095,4095,13882,-1456,-24,16668
4095,4095,13882,-1456,-24,16668
4095,4095,13883,-1458,-50,16776
4095,4095,13883,-1458,-50,16776
4095,4095,13884,-1456,-32,16786
4095,4095,13884,-1456,-32,16786
4095,4095,13885,-1450,-50,16672
4095,4095,13885,-1450,-50,16672
4095,4095,13886,-1470,-4,16750
4095,4095,13886,-1470,-4,16750
4095,4095,13887,-1462,26,16720
4095,4095,13887,-1462,26,16720
4095,4095,13888,-1500,6,16642
4095,4095,13888,-1500,6,16642
4095,4095,13889,-1406,68,14726
4095,4095,13889,-1406,68,14726
4095,4095,13890,-1532,162,16542
4095,4095,13890,-1532,162,16542
4095,4095,13891,-1520,-246,17916
4095,4095,13891,-1520,-246,17916
4095,4095,13892,-1404,76,16402
4095,4095,13892,-1404,76,16402
4095,4095,13893,-1458,-12,16282
4095,4095,13893,-1458,-12,16282
4095,4095,13894,-1466,-16,16750
4095,4095,13894,-1466,-16,16750
4095,4095,13895,-1492,44,16316
4095,4095,13895,-1492,44,16316
4095,4095,13896,-1428,-36,16880
4095,4095,13896,-1428,-36,16880
4095,4095,13897,-1460,-42,16736
4095,4095,13897,-1460,-42,16736
4095,4095,13898,-1490,0,16682
4095,4095,13898,-1490,0,16682
4095,4095,13899,-1478,30,16702
4095,4095,13899,-1478,30,16702
4095,4095,13900,-1534,-16,16602
4095,4095,13900,-1534,-16,16602
4095,4095,13901,-1448,-24,16892
4095,4095,13901,-1448,-24,16892
4095,4095,13902,-1520,-8,16740
4095,4095,13902,-1520,-8,16740
4095,4095,13903,-1436,-82,16706
4095,4095,13903,-1436,-82,16706
4095,4095,13904,-1478,0,16776
4095,4095,13904,-1478,0,16776
4095,4095,13905,-1502,-60,16716
4095,4095,13905,-1502,-60,16716
4095,4095,13906,-1418,-18,16718
4095,4095,13906,-1418,-18,16718
4095,4095,13907,-1502,-44,16692
4095,4095,13907,-1502,-44,16692
4095,4095,13908,-1452,-36,16692
4095,4095,13908,-1452,-36,16692
4095,4095,13909,-1452,-26,16640
4095,4095,13909,-1452,-26,16640
4095,4095,13910,-1462,-14,16774
4095,4095,13910,-1462,-14,16774
4095,4095,13911,-1456,-24,16774
4095,4095,13911,-1456,-24,16774
4095,4095,13912,-1470,-6,16676
4095,4095,13912,-1470,-6,16676
4095,4095,13913,-1466,20,16712
4095,4095,13913,-1466,20,16712
4095,4095,13914,-1494,-4,16702
4095,4095,13914,-1494,-4,16702
4095,4095,13915,-1448,-20,16644
4095,4095,13915,-1448,-20,16644
4095,4095,13916,-1444,-42,16678
4095,4095,13916,-1444,-42,16678
4095,4095,13917,-1500,-46,16782
4095,4095,13917,-1500,-46,16782
4095,4095,13918,-1478,-20,16676
4095,4095,13918,-1478,-20,16676
4095,4095,13919,-1510,-38,16798
4095,4095,13919,-1510,-38,16798
4095,4095,13920,-1500,-4,16738
4095,4095,13920,-1500,-4,16738
4095,4095,13921,-1448,-50,17094
4095,4095,13921,-1448,-50,17094
4095,4095,13922,-1450,-36,16846
4095,4095,13922,-1450,-36,16846
4095,4095,13923,-1468,2,16748
4095,4095,13923,-1468,2,16748
4095,4095,13924,-1500,-30,16698
4095,4095,13924,-1500,-30,16698
4095,4095,13925,-1498,-22,16764
4095,4095,13925,-1498,-22,16764
4095,4095,13926,-1488,-4,16744
4095,4095,13926,-1488,-4,16744
4095,4095,13927,-1488,-4,16732
4095,4095,13927,-1488,-4,16732
4095,4095,13928,-1440,-20,16734
4095,4095,13928,-1440,-20,16734
4095,4095,13929,-1470,-28,16712
4095,4095,13929,-1470,-28,16712
4095,4095,13930,-1452,-52,16696
4095,4095,13930,-1452,-52,16696
4095,4095,13931,-1510,-14,16700
4095,4095,13931,-1510,-14,16700
4095,4095,13932,-1460,-32,16754
4095,4095,13932,-1460,-32,16754
4095,4095,13933,-1440,-4,16626
4095,4095,13933,-1440,-4,16626
4095,4095,13934,-1470,-4,16784
4095,4095,13934,-1470,-4,16784
4095,4095,13935,-1488,-34,16694
4095,4095,13935,-1488,-34,16694
4095,4095,13936,-1450,-20,16718
4095,4095,13936,-1450,-20,16718
4095,4095,13937,-1462,-14,16726
4095,4095,13937,-1462,-14,16726
4095,4095,13938,-1492,0,16714
4095,4095,13938,-1492,0,16714
4095,4095,13939,-1444,-34,16690
4095,4095,13939,-1444,-34,16690
4095,4095,13940,-1458,2,16742
4095,4095,13940,-1458,2,16742
4095,4095,13941,-1490,-8,16710
4095,4095,13941,-1490,-8,16710
4095,4095,13942,-1470,-24,16656
4095,4095,13942,-1470,-24,16656
4095,4095,13943,-1466,-42,16706
4095,4095,13943,-1466,-42,16706
4095,4095,13944,-1458,-14,16716
4095,4095,13944,-1458,-14,16716
4095,4095,13945,-1452,-2,16680
4095,4095,13945,-1452,-2,16680
4095,4095,13946,-1486,0,16768
4095,4095,13946,-1486,0,16768
4095,4095,13947,-1472,-28,16778
4095,4095,13947,-1472,-28,16778
4095,4095,13948,-1440,-20,16690
4095,4095,13948,-1440,-20,16690
4095,4095,13949,-1498,-26,16752
4095,4095,13949,-1498,-26,16752
4095,4095,13950,-1486,-14,16768
4095,4095,13950,-1486,-14,16768
4095,4095,13951,-1472,4,16592
4095,4095,13951,-1472,4,16592
4095,4095,13952,-1484,-4,16748
4095,4095,13952,-1484,-4,16748
4095,4095,13953,-1474,10,16726
4095,4095,13953,-1474,10,16726
4095,4095,13954,-1488,-74,16670
4095,4095,13954,-1488,-74,16670
4095,4095,13955,-1492,-6,16730
4095,4095,13955,-1492,-6,16730
4095,4095,13956,-1474,-26,16738
4095,4095,13956,-1474,-26,16738
4095,4095,13957,-1472,-8,16692
4095,4095,13957,-1472,-8,16692
4095,4095,13958,-1472,-4,16822
4095,4095,13958,-1472,-4,16822
4095,4095,13959,-1484,8,16726
4095,4095,13959,-1484,8,16726
4095,4095,13960,-1458,6,16622
4095,4095,13960,-1458,6,16622
4095,4095,13961,-1470,-4,16754
4095,4095,13961,-1470,-4,16754
4095,4095,13962,-1480,10,16732
4095,4095,13962,-1480,10,16732
4095,4095,13963,-1478,-12,16636
4095,4095,13963,-1478,-12,16636
4095,4095,13964,-1478,32,16782
4095,4095,13964,-1478,32,16782
4095,4095,13965,-1438,-6,16700
4095,4095,13965,-1438,-6,16700
4095,4095,13966,-1466,-8,16692
4095,4095,13966,-1466,-8,16692
4095,4095,13967,-1488,24,16738
4095,4095,13967,-1488,24,16738
4095,4095,13968,-1424,-46,16756
4095,4095,13968,-1424,-46,16756
4095,4095,13969,-1474,-34,16680
4095,4095,13969,-1474,-34,16680
4095,4095,13970,-1488,-14,16740
4095,4095,13970,-1488,-14,16740
4095,4095,13971,-1492,-24,16718
4095,4095,13971,-1492,-24,16718
4095,4095,13972,-1472,2,16624
4095,4095,13972,-1472,2,16624
4095,4095,13973,-1458,-18,16716
4095,4095,13973,-1458,-18,16716
4095,4095,13974,-1462,-14,16726
4095,4095,13974,-1462,-14,16726
4095,4095,13975,-1490,-20,16736
4095,4095,13975,-1490,-20,16736
4095,4095,13976,-1498,-32,16710
4095,4095,13976,-1498,-32,16710
4095,4095,13977,-1482,-42,16762
4095,4095,13977,-1482,-42,16762
4095,4095,13978,-1500,-40,16720
4095,4095,13978,-1500,-40,16720
4095,4095,13979,-1450,2,16772
4095,4095,13979,-1450,2,16772
4095,4095,13980,-1414,-4,16764
4095,4095,13980,-1414,-4,16764
4095,4095,13981,-1462,-8,16632
4095,4095,13981,-1462,-8,16632
4095,4095,13982,-1444,-44,16738
4095,4095,13982,-1444,-44,16738
4095,4095,13983,-1490,-30,16782
4095,4095,13983,-1490,-30,16782
4095,4095,13984,-1474,-12,16700
4095,4095,13984,-1474,-12,16700
4095,4095,13985,-1458,-4,16716
4095,4095,13985,-1458,-4,16716
4095,4095,13986,-1492,0,16760
4095,4095,13986,-1492,0,16760
4095,4095,13987,-1452,-42,16656
4095,4095,13987,-1452,-42,16656
4095,4095,13988,-1436,-38,16728
4095,4095,13988,-1436,-38,16728
4095,4095,13989,-1472,-54,16678
4095,4095,13989,-1472,-54,16678
4095,4095,13990,-1462,-4,16590
4095,4095,13990,-1462,-4,16590
4095,4095,13991,-1458,0,16702
4095,4095,13991,-1458,0,16702
4095,4095,13992,-1462,-36,16730
4095,4095,13992,-1462,-36,16730
4095,4095,13993,-1502,-50,16710
4095,4095,13993,-1502,-50,16710
4095,4095,13994,-1458,-16,16740
4095,4095,13994,-1458,-16,16740
4095,4095,13995,-1494,-24,16754
4095,4095,13995,-1494,-24,16754
4095,4095,13996,-1490,-68,16722
4095,4095,13996,-1490,-68,16722
4095,4095,13997,-1458,-36,16766
4095,4095,13997,-1458,-36,16766
4095,4095,13998,-1518,-4,16718
4095,4095,13998,-1518,-4,16718
4095,4095,13999,-1478,-36,16632
4095,4095,13999,-1478,-36,16632
4095,4095,14000,-1452,-14,16736
4095,4095,14000,-1452,-14,16736
4095,4095,14001,-1498,-4,16734
4095,4095,14001,-1498,-4,16734
4095,4095,14002,-1482,-20,16656
4095,4095,14002,-1482,-20,16656
4095,4095,14003,-1494,2,16714
4095,4095,14003,-1494,2,16714
4095,4095,14004,-1504,30,16756
4095,4095,14004,-1504,30,16756
4095,4095,14005,-1428,-4,16718
4095,4095,14005,-1428,-4,16718
4095,4095,14006,-1488,-28,16756
4095,4095,14006,-1488,-28,16756
4095,4095,14007,-1498,-22,16744
4095,4095,14007,-1498,-22,16744
4095,4095,14008,-1478,-14,16624
4095,4095,14008,-1478,-14,16624
4095,4095,14009,-1468,-56,16764
4095,4095,14009,-1468,-56,16764
4095,4095,14010,-1498,-30,16826
4095,4095,14010,-1498,-30,16826
4095,4095,14011,-1482,18,16660
4095,4095,14011,-1482,18,16660
4095,4095,14012,-1466,-12,16778
4095,4095,14012,-1466,-12,16778
4095,4095,14013,-1510,-20,16704
4095,4095,14013,-1510,-20,16704
4095,4095,14014,-1470,-32,16678
4095,4095,14014,-1470,-32,16678
