prefix_hex,prefix_u32_le,accx,accy,accz,gyrx,gyry,gyrz
FF-0F-01-00,69631,-324,-2652,-15930,-24,-5,-11
FF-0F-02-00,135167,-366,-2602,-15924,-25,-4,-10
FF-0F-03-00,200703,-358,-2632,-15962,-25,-4,-10
FF-0F-04-00,266239,-304,-2558,-15868,-25,-4,-10
FF-0F-05-00,331775,-328,-2582,-15800,-25,-4,-10
FF-0F-06-00,397311,-312,-2578,-15912,-25,-4,-10
FF-0F-07-00,462847,-300,-2600,-15950,-21,-5,-10
FF-0F-08-00,528383,-310,-2578,-15882,-21,-5,-10
FF-0F-09-00,593919,-300,-2606,-16054,-25,-5,-10
FF-0F-0A-00,659455,-306,-2578,-16016,-25,-5,-10
FF-0F-0B-00,724991,-310,-2628,-15940,-24,-5,-9
FF-0F-0C-00,790527,-310,-2664,-15974,-24,-5,-9
FF-0F-0D-00,856063,-342,-2600,-15884,-19,-4,-9
FF-0F-0E-00,921599,-276,-2622,-16000,-19,-4,-9
FF-0F-0F-00,987135,-314,-2560,-16066,-24,-4,-9
FF-0F-10-00,1052671,-296,-2640,-15916,-24,-4,-9
FF-0F-11-00,1118207,-270,-2658,-15864,-26,-3,-9
FF-0F-12-00,1183743,-312,-2624,-15984,-26,-3,-9
FF-0F-13-00,1249279,-264,-2614,-15918,-22,-5,-11
FF-0F-14-00,1314815,-282,-2632,-15936,-22,-5,-11
FF-0F-15-00,1380351,-312,-2608,-15948,-21,-5,-10
FF-0F-16-00,1445887,-330,-2610,-15886,-21,-5,-10
FF-0F-17-00,1511423,-286,-2588,-15948,-24,-5,-11
FF-0F-18-00,1576959,-332,-2638,-15992,-24,-5,-11
FF-0F-19-00,1642495,-234,-2588,-15944,-26,-5,-11
FF-0F-1A-00,1708031,-318,-2668,-15982,-26,-5,-11
FF-0F-1B-00,1773567,-334,-2614,-15958,-21,-6,-10
FF-0F-1C-00,1839103,-318,-2614,-15978,-21,-6,-10
FF-0F-1D-00,1904639,-336,-2608,-15936,-21,-5,-10
FF-0F-1E-00,1970175,-368,-2616,-15828,-21,-5,-10
FF-0F-1F-00,2035711,-312,-2652,-15936,-26,-4,-11
FF-0F-20-00,2101247,-258,-2646,-15976,-26,-4,-11
FF-0F-21-00,2166783,-314,-2616,-15962,-24,-5,-9
FF-0F-22-00,2232319,-338,-2616,-15888,-24,-5,-9
FF-0F-23-00,2297855,-262,-2658,-15872,-21,-4,-10
FF-0F-24-00,2363391,-294,-2612,-15972,-21,-4,-10
FF-0F-25-00,2428927,-334,-2570,-16022,-23,-5,-10
FF-0F-26-00,2494463,-310,-2598,-15814,-23,-5,-10
FF-0F-27-00,2559999,-304,-2658,-15828,-23,-5,-10
FF-0F-28-00,2625535,-318,-2624,-15968,-25,-5,-9
FF-0F-29-00,2691071,-342,-2590,-15950,-25,-5,-9
FF-0F-2A-00,2756607,-304,-2636,-15878,-22,-5,-11
FF-0F-2B-00,2822143,-354,-2592,-15900,-22,-5,-11
FF-0F-2C-00,2887679,-296,-2648,-15932,-22,-5,-10
FF-0F-2D-00,2953215,-318,-2560,-15910,-22,-5,-10
FF-0F-2E-00,3018751,-280,-2552,-15992,-23,-4,-10
FF-0F-2F-00,3084287,-314,-2636,-15840,-23,-4,-10
FF-0F-30-00,3149823,-296,-2598,-15894,-24,-5,-11
FF-0F-31-00,3215359,-324,-2608,-15918,-24,-5,-11
FF-0F-32-00,3280895,-290,-2602,-15946,-23,-5,-10
FF-0F-33-00,3346431,-330,-2622,-15910,-23,-5,-10
FF-0F-34-00,3411967,-288,-2582,-15846,-23,-5,-10
FF-0F-35-00,3477503,-358,-2676,-15984,-23,-5,-10
FF-0F-36-00,3543039,-310,-2622,-15924,-21,-4,-10
FF-0F-37-00,3608575,-336,-2556,-15876,-21,-4,-10
FF-0F-38-00,3674111,-342,-2542,-15868,-24,-6,-10
FF-0F-39-00,3739647,-348,-2644,-15964,-24,-6,-10
FF-0F-3A-00,3805183,-296,-2572,-16018,-22,-4,-10
FF-0F-3B-00,3870719,-334,-2632,-15904,-22,-4,-10
FF-0F-3C-00,3936255,-304,-2606,-15912,-21,-4,-11
FF-0F-3D-00,4001791,-296,-2646,-15864,-21,-4,-11
FF-0F-3E-00,4067327,-306,-2546,-15972,-25,-4,-9
FF-0F-3F-00,4132863,-372,-2684,-15894,-25,-4,-9
FF-0F-40-00,4198399,-300,-2796,-15880,-22,-4,-8
FF-0F-41-00,4263935,-300,-2604,-16048,-22,-4,-8
FF-0F-42-00,4329471,-342,-2602,-16204,-26,-5,-8
FF-0F-43-00,4395007,-324,-2668,-16096,-26,-5,-8
FF-0F-44-00,4460543,-294,-2594,-15990,-23,-4,-8
FF-0F-45-00,4526079,-300,-2528,-15910,-23,-4,-8
FF-0F-46-00,4591615,-352,-2586,-15914,-23,-4,-8
FF-0F-47-00,4657151,-336,-2582,-15814,-24,-3,-10
FF-0F-48-00,4722687,-306,-2588,-15878,-24,-3,-10
FF-0F-49-00,4788223,-334,-2618,-15938,-23,-5,-9
FF-0F-4A-00,4853759,-294,-2606,-15952,-23,-5,-9
FF-0F-4B-00,4919295,-324,-2614,-15922,-24,-5,-8
FF-0F-4C-00,4984831,-286,-2530,-16010,-24,-5,-8
FF-0F-4D-00,5050367,-290,-2598,-15836,-25,-5,-8
FF-0F-4E-00,5115903,-340,-2622,-16030,-25,-5,-8
FF-0F-4F-00,5181439,-330,-2584,-16006,-23,-3,-9
FF-0F-50-00,5246975,-300,-2640,-16020,-23,-3,-9
FF-0F-51-00,5312511,-290,-2628,-15970,-23,-5,-9
FF-0F-52-00,5378047,-288,-2632,-16032,-23,-5,-9
FF-0F-53-00,5443583,-294,-2636,-15954,-22,-4,-10
FF-0F-54-00,5509119,-330,-2590,-15970,-22,-4,-10
FF-0F-55-00,5574655,-328,-2620,-15996,-24,-4,-10
FF-0F-56-00,5640191,-312,-2626,-15876,-24,-4,-10
FF-0F-57-00,5705727,-344,-2572,-15954,-24,-5,-10
FF-0F-58-00,5771263,-334,-2640,-15922,-24,-5,-10
FF-0F-59-00,5836799,-286,-2608,-15884,-22,-5,-9
FF-0F-5A-00,5902335,-360,-2640,-15886,-22,-5,-9
FF-0F-5B-00,5967871,-282,-2578,-15984,-23,-4,-9
FF-0F-5C-00,6033407,-272,-2612,-15954,-23,-4,-9
FF-0F-5D-00,6098943,-298,-2594,-15948,-23,-4,-9
FF-0F-5E-00,6164479,-296,-2648,-15962,-23,-4,-9
FF-0F-5F-00,6230015,-290,-2590,-15896,-22,-5,-10
FF-0F-60-00,6295551,-270,-2640,-15926,-22,-5,-10
FF-0F-61-00,6361087,-324,-2608,-15928,-24,-4,-9
FF-0F-62-00,6426623,-318,-2616,-15948,-24,-4,-9
FF-0F-63-00,6492159,-316,-2652,-15878,-22,-4,-10
FF-0F-64-00,6557695,-330,-2578,-16006,-22,-4,-10
FF-0F-65-00,6623231,-320,-2604,-16040,-22,-4,-10
FF-0F-66-00,6688767,-324,-2574,-16006,-23,-5,-10
FF-0F-67-00,6754303,-320,-2628,-15872,-23,-5,-10
FF-0F-68-00,6819839,-320,-2580,-15914,-23,-5,-9
FF-0F-69-00,6885375,-330,-2644,-15982,-23,-5,-9
FF-0F-6A-00,6950911,-286,-2640,-15874,-23,-5,-10
FF-0F-6B-00,7016447,-360,-2658,-15940,-23,-5,-10
FF-0F-6C-00,7081983,-330,-2564,-16000,-22,-4,-9
FF-0F-6D-00,7147519,-312,-2574,-16024,-22,-4,-9
FF-0F-6E-00,7213055,-334,-2536,-15934,-25,-5,-9
FF-0F-6F-00,7278591,-314,-2660,-15760,-25,-5,-9
FF-0F-70-00,7344127,-318,-2596,-15912,-22,-4,-11
FF-0F-71-00,7409663,-328,-2616,-15990,-22,-4,-11
FF-0F-72-00,7475199,-298,-2622,-16016,-21,-4,-10
FF-0F-73-00,7540735,-336,-2598,-15922,-21,-4,-10
FF-0F-74-00,7606271,-314,-2688,-15906,-23,-4,-10
FF-0F-75-00,7671807,-338,-2600,-15974,-23,-4,-10
FF-0F-76-00,7737343,-358,-2606,-15978,-25,-5,-11
FF-0F-77-00,7802879,-304,-2632,-15936,-25,-5,-11
FF-0F-78-00,7868415,-306,-2604,-15830,-23,-5,-10
FF-0F-79-00,7933951,-324,-2622,-15836,-23,-5,-10
FF-0F-7A-00,7999487,-268,-2628,-15974,-23,-4,-9
FF-0F-7B-00,8065023,-318,-2648,-15850,-23,-4,-9
FF-0F-7C-00,8130559,-368,-2612,-15870,-24,-4,-9
FF-0F-7D-00,8196095,-282,-2658,-15918,-24,-4,-9
FF-0F-7E-00,8261631,-288,-2592,-15982,-24,-4,-10
FF-0F-7F-00,8327167,-286,-2538,-16008,-24,-4,-10
FF-0F-80-00,8392703,-338,-2598,-15916,-23,-4,-8
FF-0F-81-00,8458239,-300,-2644,-15954,-23,-4,-8
FF-0F-82-00,8523775,-366,-2578,-15990,-23,-5,-10
FF-0F-83-00,8589311,-300,-2614,-15934,-23,-5,-10
FF-0F-84-00,8654847,-294,-2658,-15920,-24,-4,-10
FF-0F-85-00,8720383,-282,-2668,-15824,-24,-4,-10
FF-0F-86-00,8785919,-296,-2662,-15996,-24,-4,-10
FF-0F-87-00,8851455,-266,-2612,-15920,-20,-5,-10
FF-0F-88-00,8916991,-294,-2710,-15914,-20,-5,-10
FF-0F-89-00,8982527,-266,-2592,-15916,-24,-4,-9
FF-0F-8A-00,9048063,-320,-2612,-15934,-24,-4,-9
FF-0F-8B-00,9113599,-294,-2566,-15978,-27,-4,-11
FF-0F-8C-00,9179135,-286,-2612,-16060,-27,-4,-11
FF-0F-8D-00,9244671,-290,-2616,-15860,-21,-5,-9
FF-0F-8E-00,9310207,-334,-2608,-16058,-21,-5,-9
FF-0F-8F-00,9375743,-310,-2620,-15954,-22,-3,-10
FF-0F-90-00,9441279,-304,-2670,-15800,-22,-3,-10
FF-0F-91-00,9506815,-318,-2620,-15948,-26,-4,-10
FF-0F-92-00,9572351,-282,-2612,-16092,-26,-4,-10
FF-0F-93-00,9637887,-330,-2588,-15934,-24,-5,-11
FF-0F-94-00,9703423,-282,-2656,-15856,-24,-5,-11
FF-0F-95-00,9768959,-360,-2658,-15952,-22,-5,-10
FF-0F-96-00,9834495,-352,-2640,-15954,-22,-5,-10
FF-0F-97-00,9900031,-290,-2598,-15974,-24,-5,-8
FF-0F-98-00,9965567,-294,-2620,-15896,-24,-5,-8
FF-0F-99-00,10031103,-366,-2584,-15872,-23,-4,-10
FF-0F-9A-00,10096639,-294,-2676,-15970,-23,-4,-10
FF-0F-9B-00,10162175,-320,-2620,-15888,-22,-4,-9
FF-0F-9C-00,10227711,-324,-2614,-16000,-22,-4,-9
FF-0F-9D-00,10293247,-304,-2656,-15906,-23,-5,-10
FF-0F-9E-00,10358783,-320,-2574,-15894,-23,-5,-10
FF-0F-9F-00,10424319,-292,-2584,-15986,-23,-4,-11
FF-0F-A0-00,10489855,-360,-2642,-15918,-23,-4,-11
FF-0F-A1-00,10555391,-292,-2622,-15910,-24,-5,-11
FF-0F-A2-00,10620927,-296,-2616,-15978,-24,-5,-11
FF-0F-A3-00,10686463,-280,-2606,-16030,-23,-4,-11
FF-0F-A4-00,10751999,-306,-2614,-15930,-23,-4,-11
FF-0F-A5-00,10817535,-314,-2620,-15964,-23,-4,-11
FF-0F-A6-00,10883071,-324,-2622,-15882,-22,-4,-10
FF-0F-A7-00,10948607,-304,-2646,-15912,-22,-4,-10
FF-0F-A8-00,11014143,-288,-2592,-15964,-23,-5,-10
FF-0F-A9-00,11079679,-296,-2602,-15896,-23,-5,-10
FF-0F-AA-00,11145215,-318,-2636,-15844,-25,-5,-10
FF-0F-AB-00,11210751,-304,-2598,-15866,-25,-5,-10
FF-0F-AC-00,11276287,-290,-2640,-15984,-23,-4,-11
FF-0F-AD-00,11341823,-306,-2582,-15900,-23,-4,-11
FF-0F-AE-00,11407359,-334,-2680,-15912,-22,-5,-10
FF-0F-AF-00,11472895,-294,-2652,-15946,-22,-5,-10
FF-0F-B0-00,11538431,-296,-2632,-16022,-25,-4,-12
FF-0F-B1-00,11603967,-318,-2638,-15940,-25,-4,-12
FF-0F-B2-00,11669503,-282,-2640,-15848,-23,-5,-10
FF-0F-B3-00,11735039,-334,-2652,-15912,-23,-5,-10
FF-0F-B4-00,11800575,-320,-2620,-15960,-22,-4,-10
FF-0F-B5-00,11866111,-310,-2588,-15872,-22,-4,-10
FF-0F-B6-00,11931647,-334,-2608,-15944,-23,-5,-11
FF-0F-B7-00,11997183,-306,-2620,-15940,-23,-5,-11
FF-0F-B8-00,12062719,-286,-2664,-15928,-24,-3,-10
FF-0F-B9-00,12128255,-324,-2608,-15936,-24,-3,-10
FF-0F-BA-00,12193791,-334,-2622,-15932,-22,-5,-9
FF-0F-BB-00,12259327,-252,-2644,-15922,-22,-5,-9
FF-0F-BC-00,12324863,-318,-2602,-16026,-22,-4,-10
FF-0F-BD-00,12390399,-318,-2600,-15990,-22,-4,-10
FF-0F-BE-00,12455935,-306,-2618,-15892,-25,-4,-9
FF-0F-BF-00,12521471,-344,-2620,-15948,-25,-4,-9
FF-0F-C0-00,12587007,-320,-2614,-15904,-23,-2,-11
FF-0F-C1-00,12652543,-328,-2636,-15914,-23,-2,-11
FF-0F-C2-00,12718079,-282,-2628,-15968,-23,-5,-9
FF-0F-C3-00,12783615,-306,-2574,-15912,-23,-5,-9
FF-0F-C4-00,12849151,-280,-2628,-15972,-23,-5,-9
FF-0F-C5-00,12914687,-310,-2652,-15916,-24,-5,-9
FF-0F-C6-00,12980223,-334,-2622,-15894,-24,-5,-9
FF-0F-C7-00,13045759,-354,-2670,-15882,-23,-5,-10
FF-0F-C8-00,13111295,-318,-2632,-15890,-23,-5,-10
FF-0F-C9-00,13176831,-304,-2622,-16044,-23,-5,-11
FF-0F-CA-00,13242367,-338,-2594,-15968,-23,-5,-11
FF-0F-CB-00,13307903,-318,-2652,-15900,-23,-4,-10
FF-0F-CC-00,13373439,-348,-2652,-15912,-23,-4,-10
FF-0F-CD-00,13438975,-324,-2556,-15988,-23,-5,-10
FF-0F-CE-00,13504511,-318,-2622,-15992,-23,-5,-10
FF-0F-CF-00,13570047,-320,-2644,-15904,-21,-4,-10
FF-0F-D0-00,13635583,-306,-2612,-15838,-21,-4,-10
FF-0F-D1-00,13701119,-330,-2598,-16046,-24,-4,-10
FF-0F-D2-00,13766655,-314,-2640,-15920,-24,-4,-10
FF-0F-D3-00,13832191,-362,-2588,-15848,-22,-5,-10
FF-0F-D4-00,13897727,-310,-2676,-15906,-22,-5,-10
FF-0F-D5-00,13963263,-312,-2598,-16016,-23,-5,-9
FF-0F-D6-00,14028799,-306,-2628,-16014,-23,-5,-9
FF-0F-D7-00,14094335,-294,-2670,-16044,-24,-4,-8
FF-0F-D8-00,14159871,-314,-2660,-15900,-24,-4,-8
FF-0F-D9-00,14225407,-306,-2592,-15870,-23,-5,-8
FF-0F-DA-00,14290943,-348,-2588,-15990,-23,-5,-8
FF-0F-DB-00,14356479,-318,-2642,-15990,-22,-4,-10
FF-0F-DC-00,14422015,-280,-2598,-15878,-22,-4,-10
FF-0F-DD-00,14487551,-324,-2676,-15916,-24,-3,-9
FF-0F-DE-00,14553087,-314,-2626,-15918,-24,-3,-9
FF-0F-DF-00,14618623,-272,-2664,-15900,-23,-4,-9
FF-0F-E0-00,14684159,-330,-2598,-15954,-23,-4,-9
FF-0F-E1-00,14749695,-296,-2608,-15910,-24,-5,-9
FF-0F-E2-00,14815231,-276,-2652,-15932,-24,-5,-9
FF-0F-E3-00,14880767,-280,-2598,-15954,-23,-5,-10
FF-0F-E4-00,14946303,-344,-2560,-15948,-23,-5,-10
FF-0F-E5-00,15011839,-300,-2664,-15904,-23,-5,-10
FF-0F-E6-00,15077375,-328,-2622,-15888,-23,-4,-9
FF-0F-E7-00,15142911,-320,-2676,-15952,-23,-4,-9
FF-0F-E8-00,15208447,-304,-2618,-15968,-23,-4,-8
FF-0F-E9-00,15273983,-310,-2656,-15846,-23,-4,-8
FF-0F-EA-00,15339519,-292,-2644,-15914,-24,-4,-8
FF-0F-EB-00,15405055,-338,-2612,-15936,-24,-4,-8
FF-0F-EC-00,15470591,-310,-2568,-15942,-23,-5,-9
FF-0F-ED-00,15536127,-288,-2644,-15892,-23,-5,-9
FF-0F-EE-00,15601663,-286,-2628,-15876,-22,-4,-10
FF-0F-EF-00,15667199,-270,-2658,-15964,-22,-4,-10
FF-0F-F0-00,15732735,-296,-2652,-15924,-25,-5,-9
FF-0F-F1-00,15798271,-304,-2578,-15866,-25,-5,-9
FF-0F-F2-00,15863807,-318,-2634,-15890,-24,-5,-10
FF-0F-F3-00,15929343,-320,-2618,-15944,-24,-5,-10
FF-0F-F4-00,15994879,-378,-2596,-15936,-22,-5,-8
FF-0F-F5-00,16060415,-330,-2622,-15960,-22,-5,-8
FF-0F-F6-00,16125951,-296,-2682,-15918,-23,-4,-9
FF-0F-F7-00,16191487,-330,-2598,-15916,-23,-4,-9
FF-0F-F8-00,16257023,-286,-2614,-15948,-24,-6,-11
FF-0F-F9-00,16322559,-312,-2626,-15900,-24,-6,-11
FF-0F-FA-00,16388095,-318,-2564,-15910,-23,-7,-10
FF-0F-FB-00,16453631,-310,-2544,-15872,-23,-7,-10
FF-0F-FC-00,16519167,-300,-2628,-15934,-22,-7,-10
FF-0F-FD-00,16584703,-358,-2726,-15962,-22,-7,-10
FF-0F-FE-00,16650239,-324,-2516,-15828,-23,-5,-11
FF-0F-FF-00,16715775,-366,-2690,-15968,-23,-5,-11
FF-0F-00-01,16781311,-358,-2668,-15972,-20,-5,-10
FF-0F-01-01,16846847,-290,-2530,-15942,-20,-5,-10
FF-0F-02-01,16912383,-336,-2646,-15794,-23,-4,-11
FF-0F-03-01,16977919,-334,-2632,-15958,-23,-4,-11
FF-0F-04-01,17043455,-314,-2692,-15978,-23,-4,-11
FF-0F-05-01,17108991,-304,-2598,-15962,-23,-5,-9
FF-0F-06-01,17174527,-312,-2664,-15976,-23,-5,-9
FF-0F-07-01,17240063,-272,-2724,-16010,-22,-4,-9
FF-0F-08-01,17305599,-310,-2546,-15984,-22,-4,-9
FF-0F-09-01,17371135,-300,-2636,-15984,-22,-5,-9
FF-0F-0A-01,17436671,-328,-2650,-15888,-22,-5,-9
FF-0F-0B-01,17502207,-354,-2638,-15894,-25,-5,-8
FF-0F-0C-01,17567743,-338,-2660,-15798,-25,-5,-8
FF-0F-0D-01,17633279,-306,-2606,-15994,-22,-3,-10
FF-0F-0E-01,17698815,-384,-2640,-15988,-22,-3,-10
FF-0F-0F-01,17764351,-300,-2668,-15876,-21,-4,-11
FF-0F-10-01,17829887,-342,-2696,-15920,-21,-4,-11
FF-0F-11-01,17895423,-314,-2650,-15960,-23,-5,-11
FF-0F-12-01,17960959,-328,-2706,-15930,-23,-5,-11
FF-0F-13-01,18026495,-296,-2586,-15884,-24,-4,-10
FF-0F-14-01,18092031,-258,-2598,-15872,-24,-4,-10
FF-0F-15-01,18157567,-290,-2604,-15886,-23,-4,-9
FF-0F-16-01,18223103,-352,-2668,-15952,-23,-4,-9
FF-0F-17-01,18288639,-286,-2714,-15946,-22,-5,-9
FF-0F-18-01,18354175,-336,-2660,-15868,-22,-5,-9
FF-0F-19-01,18419711,-324,-2704,-15944,-25,-4,-10
FF-0F-1A-01,18485247,-336,-2646,-16034,-25,-4,-10
FF-0F-1B-01,18550783,-286,-2584,-15942,-24,-4,-10
FF-0F-1C-01,18616319,-318,-2676,-15934,-24,-4,-10
FF-0F-1D-01,18681855,-334,-2642,-15920,-21,-5,-10
FF-0F-1E-01,18747391,-306,-2656,-16054,-21,-5,-10
FF-0F-1F-01,18812927,-310,-2578,-16004,-22,-5,-11
FF-0F-20-01,18878463,-396,-2670,-15924,-22,-5,-11
FF-0F-21-01,18943999,-310,-2592,-15798,-25,-5,-11
FF-0F-22-01,19009535,-354,-2606,-16084,-25,-5,-11
FF-0F-23-01,19075071,-336,-2670,-15934,-25,-5,-11
FF-0F-24-01,19140607,-334,-2636,-15864,-22,-5,-10
FF-0F-25-01,19206143,-300,-2668,-15954,-22,-5,-10
FF-0F-26-01,19271679,-296,-2622,-15872,-21,-6,-11
FF-0F-27-01,19337215,-342,-2598,-15996,-21,-6,-11
FF-0F-28-01,19402751,-334,-2628,-15980,-24,-5,-10
FF-0F-29-01,19468287,-344,-2646,-15934,-24,-5,-10
FF-0F-2A-01,19533823,-324,-2650,-15978,-23,-5,-12
FF-0F-2B-01,19599359,-330,-2666,-15916,-23,-5,-12
FF-0F-2C-01,19664895,-314,-2668,-15964,-21,-4,-10
FF-0F-2D-01,19730431,-334,-2668,-15910,-21,-4,-10
FF-0F-2E-01,19795967,-314,-2604,-15904,-24,-4,-11
FF-0F-2F-01,19861503,-312,-2628,-16012,-24,-4,-11
FF-0F-30-01,19927039,-330,-2582,-15958,-24,-4,-10
FF-0F-31-01,19992575,-306,-2622,-15976,-24,-4,-10
FF-0F-32-01,20058111,-290,-2658,-15950,-22,-4,-11
FF-0F-33-01,20123647,-300,-2608,-16054,-22,-4,-11
FF-0F-34-01,20189183,-368,-2584,-16046,-23,-5,-10
FF-0F-35-01,20254719,-300,-2612,-15850,-23,-5,-10
FF-0F-36-01,20320255,-300,-2640,-15886,-23,-5,-10
FF-0F-37-01,20385791,-296,-2620,-15896,-23,-5,-10
FF-0F-38-01,20451327,-270,-2656,-15900,-22,-5,-11
FF-0F-39-01,20516863,-290,-2664,-15918,-22,-5,-11
FF-0F-3A-01,20582399,-310,-2596,-15934,-24,-4,-11
FF-0F-3B-01,20647935,-328,-2676,-16048,-24,-4,-11
FF-0F-3C-01,20713471,-336,-2612,-16008,-24,-5,-11
FF-0F-3D-01,20779007,-330,-2656,-15894,-24,-5,-11
FF-0F-3E-01,20844543,-284,-2722,-15832,-21,-4,-11
FF-0F-3F-01,20910079,-308,-2646,-16024,-21,-4,-11
FF-0F-40-01,20975615,-342,-2608,-15972,-24,-4,-11
FF-0F-41-01,21041151,-334,-2656,-15934,-24,-4,-11
FF-0F-42-01,21106687,-352,-2650,-15904,-24,-4,-11
FF-0F-43-01,21172223,-352,-2642,-15916,-24,-4,-11
FF-0F-44-01,21237759,-286,-2640,-16040,-24,-4,-11
FF-0F-45-01,21303295,-304,-2682,-15944,-22,-4,-10
FF-0F-46-01,21368831,-312,-2622,-15946,-22,-4,-10
FF-0F-47-01,21434367,-342,-2682,-15918,-22,-4,-12
FF-0F-48-01,21499903,-320,-2606,-15946,-22,-4,-12
FF-0F-49-01,21565439,-362,-2620,-15940,-26,-4,-11
FF-0F-4A-01,21630975,-286,-2682,-15904,-26,-4,-11
FF-0F-4B-01,21696511,-306,-2648,-15888,-21,-5,-11
FF-0F-4C-01,21762047,-324,-2652,-15946,-21,-5,-11
FF-0F-4D-01,21827583,-264,-2698,-15948,-25,-5,-11
FF-0F-4E-01,21893119,-336,-2682,-15862,-25,-5,-11
FF-0F-4F-01,21958655,-354,-2620,-15924,-24,-4,-10
FF-0F-50-01,22024191,-286,-2616,-15912,-24,-4,-10
FF-0F-51-01,22089727,-342,-2636,-15972,-20,-5,-10
FF-0F-52-01,22155263,-304,-2640,-15876,-20,-5,-10
FF-0F-53-01,22220799,-306,-2712,-15900,-24,-4,-11
FF-0F-54-01,22286335,-300,-2598,-15972,-24,-4,-11
FF-0F-55-01,22351871,-324,-2612,-15964,-25,-5,-11
FF-0F-56-01,22417407,-320,-2620,-15968,-25,-5,-11
FF-0F-57-01,22482943,-312,-2636,-15878,-20,-5,-12
FF-0F-58-01,22548479,-334,-2666,-15872,-20,-5,-12
FF-0F-59-01,22614015,-368,-2622,-16006,-25,-4,-11
FF-0F-5A-01,22679551,-306,-2636,-15966,-25,-4,-11
FF-0F-5B-01,22745087,-330,-2618,-15920,-24,-6,-10
FF-0F-5C-01,22810623,-300,-2718,-15918,-24,-6,-10
FF-0F-5D-01,22876159,-318,-2594,-15972,-22,-5,-11
FF-0F-5E-01,22941695,-338,-2644,-15924,-22,-5,-11
FF-0F-5F-01,23007231,-314,-2616,-15942,-21,-4,-12
FF-0F-60-01,23072767,-276,-2698,-15994,-21,-4,-12
FF-0F-61-01,23138303,-306,-2680,-15916,-24,-4,-10
FF-0F-62-01,23203839,-324,-2636,-15994,-24,-4,-10
FF-0F-63-01,23269375,-304,-2682,-15910,-24,-4,-10
FF-0F-64-01,23334911,-264,-2670,-15848,-24,-4,-11
FF-0F-65-01,23400447,-372,-2660,-15878,-24,-4,-11
FF-0F-66-01,23465983,-348,-2636,-15878,-23,-5,-12
FF-0F-67-01,23531519,-330,-2612,-15974,-23,-5,-12
FF-0F-68-01,23597055,-312,-2656,-15848,-21,-4,-11
FF-0F-69-01,23662591,-318,-2664,-15822,-21,-4,-11
FF-0F-6A-01,23728127,-290,-2656,-15922,-25,-4,-11
FF-0F-6B-01,23793663,-312,-2612,-15970,-25,-4,-11
FF-0F-6C-01,23859199,-330,-2652,-15934,-24,-4,-10
FF-0F-6D-01,23924735,-300,-2638,-15972,-24,-4,-10
FF-0F-6E-01,23990271,-344,-2670,-15884,-22,-4,-12
FF-0F-6F-01,24055807,-344,-2574,-15924,-22,-4,-12
FF-0F-70-01,24121343,-334,-2664,-15946,-22,-4,-11
FF-0F-71-01,24186879,-314,-2758,-15868,-22,-4,-11
FF-0F-72-01,24252415,-320,-2614,-15970,-25,-4,-10
FF-0F-73-01,24317951,-266,-2684,-16054,-25,-4,-10
FF-0F-74-01,24383487,-262,-2660,-15896,-22,-5,-10
FF-0F-75-01,24449023,-354,-2658,-15920,-22,-5,-10
FF-0F-76-01,24514559,-310,-2654,-15942,-21,-5,-13
FF-0F-77-01,24580095,-306,-2658,-15912,-21,-5,-13
FF-0F-78-01,24645631,-336,-2632,-15972,-25,-4,-10
FF-0F-79-01,24711167,-306,-2648,-15980,-25,-4,-10
FF-0F-7A-01,24776703,-336,-2680,-15876,-25,-5,-11
FF-0F-7B-01,24842239,-276,-2620,-16006,-25,-5,-11
FF-0F-7C-01,24907775,-310,-2628,-15892,-21,-5,-11
FF-0F-7D-01,24973311,-314,-2588,-15896,-21,-5,-11
FF-0F-7E-01,25038847,-306,-2640,-15954,-21,-5,-11
FF-0F-7F-01,25104383,-318,-2596,-15982,-21,-5,-11
FF-0F-80-01,25169919,-328,-2656,-15984,-25,-4,-11
FF-0F-81-01,25235455,-266,-2696,-15906,-25,-4,-11
FF-0F-82-01,25300991,-320,-2652,-15974,-25,-4,-11
FF-0F-83-01,25366527,-252,-2650,-15952,-22,-3,-11
FF-0F-84-01,25432063,-300,-2674,-16000,-22,-3,-11
FF-0F-85-01,25497599,-334,-2636,-15954,-21,-6,-11
FF-0F-86-01,25563135,-336,-2694,-15846,-21,-6,-11
FF-0F-87-01,25628671,-320,-2648,-15948,-24,-4,-10
FF-0F-88-01,25694207,-286,-2622,-15976,-24,-4,-10
FF-0F-89-01,25759743,-294,-2688,-15896,-22,-4,-12
FF-0F-8A-01,25825279,-324,-2650,-15978,-22,-4,-12
FF-0F-8B-01,25890815,-306,-2664,-15932,-23,-5,-11
FF-0F-8C-01,25956351,-336,-2644,-16056,-23,-5,-11
FF-0F-8D-01,26021887,-314,-2636,-15940,-24,-5,-11
FF-0F-8E-01,26087423,-306,-2682,-16002,-24,-5,-11
FF-0F-8F-01,26152959,-310,-2688,-15986,-23,-5,-11
FF-0F-90-01,26218495,-312,-2632,-16020,-23,-5,-11
FF-0F-91-01,26284031,-318,-2696,-15956,-23,-5,-10
FF-0F-92-01,26349567,-360,-2670,-15936,-23,-5,-10
FF-0F-93-01,26415103,-314,-2660,-15938,-23,-5,-11
FF-0F-94-01,26480639,-324,-2648,-15978,-23,-5,-11
FF-0F-95-01,26546175,-296,-2618,-15918,-23,-5,-9
FF-0F-96-01,26611711,-300,-2658,-15940,-23,-5,-9
FF-0F-97-01,26677247,-304,-2666,-15864,-23,-5,-10
FF-0F-98-01,26742783,-328,-2638,-15886,-23,-5,-10
FF-0F-99-01,26808319,-358,-2676,-15944,-25,-5,-10
FF-0F-9A-01,26873855,-366,-2622,-15948,-25,-5,-10
FF-0F-9B-01,26939391,-318,-2642,-15974,-22,-3,-10
FF-0F-9C-01,27004927,-300,-2612,-15942,-22,-3,-10
FF-0F-9D-01,27070463,-294,-2668,-16012,-23,-5,-11
FF-0F-9E-01,27135999,-348,-2632,-15880,-23,-5,-11
FF-0F-9F-01,27201535,-320,-2682,-15934,-25,-5,-10
FF-0F-A0-01,27267071,-312,-2664,-15940,-25,-5,-10
FF-0F-A1-01,27332607,-334,-2608,-15900,-25,-5,-10
FF-0F-A2-01,27398143,-334,-2634,-15870,-23,-4,-10
FF-0F-A3-01,27463679,-324,-2626,-15918,-23,-4,-10
FF-0F-A4-01,27529215,-290,-2622,-16022,-23,-5,-10
FF-0F-A5-01,27594751,-358,-2684,-15972,-23,-5,-10
FF-0F-A6-01,27660287,-348,-2670,-15888,-24,-4,-11
FF-0F-A7-01,27725823,-310,-2732,-15914,-24,-4,-11
FF-0F-A8-01,27791359,-352,-2662,-15926,-23,-4,-8
FF-0F-A9-01,27856895,-328,-2652,-15996,-23,-4,-8
